{"cameraMode":{"drawMode":0,"name":"Shaded","section":"Shading Mode"},"sceneLighting":true,"audioPlay":false,"sceneViewState":{"m_AlwaysRefresh":false,"showFog":true,"showSkybox":true,"showFlares":true,"showImageEffects":true,"showParticleSystems":true,"showVisualEffectGraphs":true,"m_FxEnabled":true},"in2DMode":false,"pivot":{"x":-0.09357615560293198,"y":1.3495898246765137,"z":-0.0465155765414238},"rotation":{"x":-0.044816795736551288,"y":-0.9436455965042114,"z":0.14332960546016694,"w":-0.2950447201728821},"size":7.663220405578613,"orthographic":false}